"","status","p_value","morans_test_statistic","morans_I","gene_short_name","q_value","module","supermodule","dim_1","dim_2"
"Mcmdc2","OK",0.0057791663492756,2.52534934645638,0.00539325449031842,"Mcmdc2",0.00833450973834824,"10","1",2.97088320018054,0.424568245238651
"Xkr9","OK",3.03693493794876e-65,17.0176712711054,0.0368692038172759,"Xkr9",7.45036087963319e-65,"10","1",3.07200724841357,-0.900032689743648
"Rdh10","OK",1.10596585984891e-225,32.0497652822008,0.0695074993633954,"Rdh10",4.05909338214727e-225,"10","1",3.05281502963305,-0.463860204392086
"Rab23","OK",3.35299388237104e-55,15.6052373450985,0.033804862379355,"Rab23",7.86436939531172e-55,"10","1",3.24382288218738,-0.220189979248653
"Zap70","OK",1.31514643897448e-206,30.6501531249121,0.0664881964940073,"Zap70",4.66589230942485e-206,"10","1",3.61571390391589,0.755784580535282
"1700019D03Rik","OK",2.07242014899108e-05,4.09925396148393,0.00873582756967631,"1700019D03Rik",3.23443613189961e-05,"10","1",4.08248073817492,-0.00975625770629485
"Gm8883","OK",1.65874525452379e-198,30.0360897387202,0.0651499583574693,"Gm8883",5.79634060092773e-198,"10","1",3.22419197322131,0.495510408706059
"Acsl3","OK",0,98.744649038873,0.214336938571395,"Acsl3",0,"10","1",4.08610541583301,0.024080345458378
"Utp14b","OK",4.81983072469725e-16,8.03136180539967,0.0173436508078303,"Utp14b",8.79531573115827e-16,"10","1",4.15003640414477,0.142722914046635
"Sp140","OK",0.00330552778017017,2.71582648966372,0.00582646391545124,"Sp140",0.00481103744068651,"10","1",2.784822294724,-0.591724326782833
"Ugt1a7c","OK",4.09646846906984e-05,3.93868511710235,0.00844508932656595,"Ugt1a7c",6.34298568629316e-05,"10","1",4.23260171176196,0.100281307525028
"Ugt1a5","OK",0,64.9638277944295,0.140984489158739,"Ugt1a5",0,"10","1",3.72383816004992,0.154336998290409
"Bok","OK",0,44.3994224144252,0.0963267811564815,"Bok",0,"10","1",3.21090967417956,-0.586989810639034
"Gm17634","OK",0.00392478952531085,2.65847235367643,0.00569592169899833,"Gm17634",0.0056955724875782,"10","1",3.65948278666736,0.623680183715214
"Serpinb8","OK",0.00172238602349115,2.92498104537017,0.00627714077499545,"Serpinb8",0.00253453577623691,"10","1",3.64964897395373,-0.55279271858276
"Gm29455","OK",1.65150335426689e-11,6.63238723220342,0.0128814321361996,"Gm29455",2.86104984708101e-11,"10","1",3.81969721080066,0.387529322928776
"Tmem37","OK",0,56.2279766145953,0.122024829648876,"Tmem37",0,"10","1",3.30291921855212,-0.352966478043209
"Dbi","OK",0,197.370301319653,0.428403807677939,"Dbi",0,"10","1",3.69517571688891,-0.431519677811275
"Insig2","OK",0,135.010953442766,0.293087081816233,"Insig2",0,"10","1",3.28645808459521,0.775931069678654
"Etnk2","OK",0,146.776146715243,0.318629713501712,"Etnk2",0,"10","1",3.44647295237781,0.766336986846317
"Chil1","OK",1.47363655196841e-07,5.12678784557818,0.0109881957851487,"Chil1",2.40679310230355e-07,"10","1",3.94952924014331,0.811707804030766
"Cfhr2","OK",0,180.193693426315,0.391186369040378,"Cfhr2",0,"10","1",3.10040623904468,0.224588939971317
"Mr1","OK",5.49021964502091e-17,8.29367262662535,0.0179162545868397,"Mr1",1.01138056769242e-16,"10","1",3.81165654422046,-0.268963506394039
"Serpinc1","OK",0,82.3671491810855,0.178747252641748,"Serpinc1",0,"10","1",3.06157762767077,0.358235189742436
"Gm16548","OK",2.2178627887497e-15,7.84195861841337,0.0169563726327274,"Gm16548",4.01848309235091e-15,"10","1",3.09427459002734,0.405218908614506
"Mpc2","OK",3.30163084259534e-30,11.3601480780612,0.0246049985935007,"Mpc2",6.79528400283256e-30,"10","1",3.50239546061755,0.018138716048588
"Rxrg","OK",2.90793703005048e-12,6.88408842897132,0.0148713387217767,"Rxrg",5.07613569280741e-12,"10","1",3.02314169169665,0.184203693694462
"Hsd17b7","OK",0,68.3653973700966,0.148367831656046,"Hsd17b7",0,"10","1",4.18562633754016,0.084934780425419
"3110045C21Rik","OK",2.82521519318677e-08,5.42952479149751,0.0117134403513589,"3110045C21Rik",4.66545666614947e-08,"10","1",4.14406211138965,0.0068987105554239
"Apoa2","OK",0,287.066891240016,0.623214072932887,"Apoa2",0,"10","1",3.24074942828418,0.344937155074467
"Usf1","OK",4.59671184213972e-130,24.2364283795948,0.0525634551108943,"Usf1",1.37676730956034e-129,"10","1",3.26399905444385,-0.680080583267818
"Tstd1","OK",2.66247528525761e-121,23.390615515747,0.0507198387778208,"Tstd1",7.79612245289553e-121,"10","1",3.4918158745885,-0.314959457092892
"Kmo","OK",0,112.34857156286,0.243877920542941,"Kmo",0,"10","1",3.25748378993274,0.7546150181955
"Psen2","OK",0,159.800044234417,0.346911727291596,"Psen2",0,"10","1",3.62818867923022,0.584998676604618
"C130074G19Rik","OK",4.61270379128221e-176,28.2653264626262,0.0613005790010067,"C130074G19Rik",1.54155856475065e-175,"10","1",2.95520431758166,-0.31762688415588
"Tgfb2","OK",1.71589437186649e-80,18.9632628592401,0.0410808707447342,"Tgfb2",4.44959374853787e-80,"10","1",4.12541610957385,-0.092860629730831
"Spata17","OK",0.0212920282796662,2.02776677775816,0.00427196854117866,"Spata17",0.0299759049365421,"10","1",3.009600470078,-1.02999298828186
"Lpgat1","OK",0,82.1371220596374,0.178268994806252,"Lpgat1",0,"10","1",4.06435401202441,0.101742813414921
"Phyh","OK",0,129.138506271056,0.280321856644131,"Phyh",0,"10","1",3.09236461879016,0.705429503745426
"Echdc3","OK",0,165.426237735724,0.359128253513129,"Echdc3",0,"10","1",2.90646726847888,0.387443969077458
"Hacd1","OK",2.95924537645873e-186,29.0828343711457,0.0630764040582043,"Hacd1",1.00900126620999e-185,"10","1",3.26373631716968,-0.64200227516235
"Pnpla7","OK",4.88067665767034e-241,33.1335880543313,0.0718780433138658,"Pnpla7",1.84248850518558e-240,"10","1",3.53872997523547,-0.685203006439815
"Noxa1","OK",3.63753383600684e-39,13.0396916466621,0.0282160824931,"Noxa1",7.88707103001738e-39,"10","1",3.20641786814929,-0.392956187897335
"Fut7","OK",0.0259019325153924,1.94476004473506,0.00408312247772447,"Fut7",0.0363124713571233,"10","1",3.1243248677373,0.4687183592981
"Ptgds","OK",0.00113841423438358,3.05152399853972,0.00651687738776765,"Ptgds",0.00168784918369227,"10","1",3.99533159495593,0.65690834266602
"C8g","OK",0,57.9868601789068,0.125833833503717,"C8g",0,"10","1",3.27813799144031,-0.204675843887935
"Tmem141","OK",0,46.7036027388131,0.101342839333962,"Tmem141",0,"10","1",3.68386800051928,0.799485275573124
"Agpat2","OK",0,193.690720315521,0.420497722875338,"Agpat2",0,"10","1",3.34860522509814,0.609177539176335
"Ass1","OK",0,108.989650431823,0.236501629489896,"Ass1",0,"10","1",3.6942883229375,0.729965517348637
"Lcn2","OK",0,66.52669027804,0.144363579049217,"Lcn2",0,"10","1",3.26801926852466,-0.703710010223995
"Lrsam1","OK",3.96332708255694e-06,4.46715542451893,0.00960908297513612,"Lrsam1",6.29066302941992e-06,"10","1",2.96907169581653,-0.283781697922359
"Nr6a1os","OK",7.13085825694275e-05,3.8035847593739,0.00697239410687097,"Nr6a1os",0.000109572945318024,"10","1",3.83088881732226,0.202928612059941
"Kynu","OK",0,53.0514010136867,0.115122210445961,"Kynu",0,"10","1",3.19485599757434,0.683549830741276
"Nmi","OK",0,40.6243741100325,0.0881401401230918,"Nmi",0,"10","1",2.98940760852099,-0.980260541611324
"Cd302","OK",0,71.0472874016909,0.154193104275393,"Cd302",0,"10","1",3.29210932017566,0.592409798926701
"Dpp4","OK",0,37.873066605785,0.0821504341626142,"Dpp4",0,"10","1",3.24737198115588,0.670464465445866
"Chn1os3","OK",0.000812172615762878,3.15149935190268,0.00654757442915229,"Chn1os3",0.00121047767642589,"10","1",4.18662578822375,0.202429601973881
"Atp5g3","OK",4.0712691706979e-131,24.336068412633,0.0527441778315921,"Atp5g3",1.22249769748391e-130,"10","1",3.64824754954577,-0.550728252106319
"Olfr1033","OK",3.72733632370782e-11,6.511212237748,0.014033602347307,"Olfr1033",6.41946436868325e-11,"10","1",2.83203942538501,-1.19594447868408
"Mtch2","OK",0,91.9657582194924,0.199624578070669,"Mtch2",0,"10","1",3.0940936303258,-1.02303545730651
"Cd59b","OK",1.6751119295948e-15,7.87711654918967,0.0170251777222781,"Cd59b",3.03940084040038e-15,"10","1",3.2406066155553,0.309754679030766
"Bbox1","OK",0,53.748575415026,0.116634521493061,"Bbox1",0,"10","1",3.13300258876086,-0.10928719299377
"Gm13964","OK",0.000150938955072251,3.61368317436983,0.00710772661503173,"Gm13964",0.00022997291524034,"10","1",3.90062696696521,-0.158106734924923
"Gchfr","OK",0,45.9420542817983,0.0996893754395818,"Gchfr",0,"10","1",3.50833899737597,0.360760042495121
"Sqor","OK",0,144.16110821833,0.312955303165699,"Sqor",0,"10","1",3.1339536404729,0.330524990386357
"Sirpa","OK",3.37663302928617e-109,22.1695833035541,0.0480447652613406,"Sirpa",9.55849767370258e-109,"10","1",3.42871982814074,-0.367133786850582
"Cst3","OK",0,68.820160527586,0.149368312104171,"Cst3",0,"10","1",2.83092076541186,-0.792495658569942
"Nanp","OK",1.14962778865301e-61,16.5281952145051,0.0358113037520023,"Nanp",2.77195068537058e-61,"10","1",2.96191866160632,-1.08043854492248
"Acss2","OK",0,136.34822375695,0.295985339199312,"Acss2",0,"10","1",4.07952124835254,0.0106023047631876
"Gm16098","OK",0.0274804619258422,1.91918501048185,0.00409840532726939,"Gm16098",0.0384445465251237,"10","1",3.43269378901721,-0.321695258789669
"Spag4","OK",0.000159493637686019,3.59937144817004,0.00771947052704251,"Spag4",0.000242789689078369,"10","1",3.20063097239734,-0.229796817474972
"Pkig","OK",0,49.9596470597713,0.108410519203289,"Pkig",0,"10","1",2.72890670062304,-1.07043211715759
"Wfdc12","OK",0.0149758367425702,2.17072887053184,0.00465218726136262,"Wfdc12",0.0212437276806521,"10","1",3.76456053019763,-0.0610527302557333
"Wfdc15b","OK",3.58806867257704e-272,35.2290765354413,0.0764258457320176,"Wfdc15b",1.42287723265781e-271,"10","1",3.70907647372485,0.248873779601444
"Slpi","OK",2.11789524382095e-221,31.7409308959608,0.068860758072018,"Slpi",7.71209810386606e-221,"10","1",3.47779209376574,-0.428232600861202
"Pltp","OK",8.77802170179901e-18,8.50892031517293,0.0183651970702359,"Pltp",1.6339361824182e-17,"10","1",3.84605414630176,0.126312801665653
"Gm17619","OK",1.26532428281467e-12,7.00159493608442,0.0151276964850355,"Gm17619",2.21735635699556e-12,"10","1",3.88355309726001,-0.409124067001949
"Chrna4","OK",1.5893064185476e-127,23.9944376510061,0.0519801394632828,"Chrna4",4.73424227282366e-127,"10","1",4.17686254740954,0.17544443351685
"Ebp","OK",0,86.5222432603926,0.187803448894382,"Ebp",0,"10","1",3.56419188739062,0.070443460769047
"Pgrmc1","OK",0,118.669232083472,0.257602226897593,"Pgrmc1",0,"10","1",3.05202347995044,-0.988439252548824
"F9","OK",0,78.7795355418032,0.170985310619491,"F9",0,"10","1",3.06677229167224,0.399244019812931
"Cetn2","OK",1.11716699128116e-265,34.8024368046361,0.075500337911588,"Cetn2",4.38707068359845e-265,"10","1",3.49630386592151,-0.676675250702511
"Nsdhl","OK",0,109.960914917249,0.238696697956792,"Nsdhl",0,"10","1",4.13820011378528,-0.0314888264471396
"Xlr3a","OK",6.25077237675167e-23,9.78941632957966,0.0211771989064357,"Xlr3a",1.21579823722983e-22,"10","1",3.43491155864001,-0.476483752899776
"Gm14685","OK",0.0316017053872651,1.85775783913645,0.00378764265306377,"Gm14685",0.0440291809100803,"10","1",3.05779464007617,0.306041309661259
"Xlr4b","OK",1.89076755983303e-06,4.62304178472704,0.00986604288669961,"Xlr4b",3.01856963110247e-06,"10","1",3.68698150874377,-0.118010451965938
"Trex2","OK",3.93168888857884e-204,30.4638059809751,0.0660672291871647,"Trex2",1.38813983501598e-203,"10","1",4.04291565181018,0.144111463851322
"Haus7","OK",0,46.1677735892871,0.10017422025845,"Haus7",0,"10","1",3.94646532298327,-0.138023069077144
"Plxna3","OK",0.000205647985219837,3.53272763308772,0.00758602880802177,"Plxna3",0.00031252048770441,"10","1",3.79507739306689,0.253799507445683
"G6pdx","OK",1.04473962006197e-190,29.4328116332735,0.063823408209631,"G6pdx",3.59661765855081e-190,"10","1",4.00214416743518,-0.0576109196478232
"Pls3","OK",0,43.0485463080011,0.0933945273146932,"Pls3",0,"10","1",2.93505675555469,-0.1306468750769
"Arhgef9","OK",0.0125561802610973,2.23966990833738,0.00476527235243459,"Arhgef9",0.0178626265101471,"10","1",3.3056996560216,0.324636528319706
"Nap1l3","OK",0.0247022889023201,1.96508346710732,0.00418809472514653,"Nap1l3",0.0346750799606313,"10","1",3.9352768159032,0.164206096953739
"Tsc22d3","OK",3.88720523940272e-162,27.1087050601519,0.0587842603492744,"Tsc22d3",1.25582217759578e-161,"10","1",3.87406236888171,0.155719587630619
"Hsd17b10","OK",0,79.4733541417617,0.172498546598806,"Hsd17b10",0,"10","1",3.52162344218493,-0.418938329392086
"Nbdy","OK",1.61531553864354e-21,9.45498667749888,0.0204627359224576,"Nbdy",3.10714034630114e-21,"10","1",2.74917871714831,-1.18340723770202
"Spin2c","OK",4.3934987588753e-07,4.91702357054216,0.0105982258068035,"Spin2c",7.10293115448895e-07,"10","1",3.1035512185216,-0.778946807556759
"Rab9","OK",0,77.9200139268188,0.169121174269428,"Rab9",0,"10","1",3.33131582499743,-0.695857217484127
"Fabp5","OK",5.08907648621464e-96,20.7589426349668,0.0450122330939583,"Fabp5",1.38041987959403e-95,"10","1",3.59708053828479,0.211813518828739
"Aadac","OK",0,125.849827142151,0.273196312997894,"Aadac",0,"10","1",3.23582465411426,0.463101217574467
"Sucnr1","OK",3.11221230122657e-29,11.162461039489,0.0241514091437369,"Sucnr1",6.36439731638793e-29,"10","1",3.33364398242236,0.804784366912235
"Naxe","OK",0,76.9627392136537,0.167048757236589,"Naxe",0,"10","1",3.15521366358996,-0.85855500953735
"Pmf1","OK",1.08432130807186e-67,17.3445514839871,0.0375918420041563,"Pmf1",2.68201055747942e-67,"10","1",3.1715992188573,0.167322943038334
"Fdps","OK",0,81.9793110658687,0.177923261416255,"Fdps",0,"10","1",4.11663515330554,-0.0696548725897177
"Pmvk","OK",0,137.671416849278,0.298865017726779,"Pmvk",0,"10","1",3.98898894549609,-0.03461210983337
"S100a1","OK",5.91005680902928e-161,27.008261586232,0.0585836714331415,"S100a1",1.90531875625407e-160,"10","1",3.60843665362597,0.058133194274296
"S100a13","OK",0.00116210931089969,3.04533423221236,0.00655380372781282,"S100a13",0.00172231366388587,"10","1",3.64353544474841,-0.673041274719845
"Selenbp1","OK",0,221.714523437921,0.481345871861298,"Selenbp1",0,"10","1",3.01630027056933,-0.376251866989742
"Lrrc39","OK",0.0267594904216719,1.93070955325546,0.00409894996073865,"Lrrc39",0.0374632865903407,"10","1",3.78080184222461,-0.0301105286413534
"Elovl6","OK",0,49.8286603441694,0.108108053286195,"Elovl6",0,"10","1",4.10006410838366,0.252076694793095
"Gm6135","OK",2.86242783930428e-17,8.37075844264611,0.0180990849674451,"Gm6135",5.29146842582452e-17,"10","1",3.80567295314074,0.744643995589604
"Gm43403","OK",9.13969115129178e-09,5.62754373748381,0.0111811192435915,"Gm43403",1.5217590732505e-08,"10","1",3.0287016129613,-0.407571246796261
"Adh5","OK",0,170.41593328268,0.369958105794513,"Adh5",0,"10","1",3.04262954951526,0.618683407134403
"Lpar3","OK",0.000112865295517735,3.68833019800044,0.00787222303220049,"Lpar3",0.000172529421709722,"10","1",4.14293033839465,0.018887588805546
"Uox","OK",0,71.429600215842,0.154998559657995,"Uox",0,"10","1",3.15139872790576,0.380041191405644
"Ifi44","OK",4.51326043530842e-34,12.1128825662977,0.0262196313366248,"Ifi44",9.50738103522559e-34,"10","1",3.21287781955005,0.112104008025517
"Car8","OK",0,141.121434192118,0.306355751626424,"Car8",0,"10","1",3.23194319964648,0.254852840728153
"Gm11837","OK",0.000733651631451782,3.18107364095784,0.00684248324596926,"Gm11837",0.001094619663947,"10","1",2.87856609584094,-1.07010548370422
"Necab1","OK",1.28244695232493e-47,14.4484235394378,0.0313017329637634,"Necab1",2.90866409864934e-47,"10","1",3.11949856044055,0.62550158245026
"Gm11844","OK",0.00103048531257368,3.08130262774535,0.00660975595423892,"Gm11844",0.00153049592367611,"10","1",3.36826116801501,0.0744429324334757
"Ttpa","OK",0,101.619857104037,0.220584361626366,"Ttpa",0,"10","1",3.42307240725757,0.727153250998844
"Tstd3","OK",1.01119337776965e-154,26.4722690728734,0.057410356703306,"Tstd3",3.21063326306764e-154,"10","1",3.28006846667529,0.241542169875492
"Kif24","OK",0.00700390423002949,2.45706308851032,0.0052030157124084,"Kif24",0.010066675219655,"10","1",3.027342865479,-0.243888547592769
"Sigmar1","OK",0,179.942847036317,0.390647294063158,"Sigmar1",0,"10","1",3.31988508464099,0.250298807448734
"Galt","OK",0,76.8381644759163,0.16677311575562,"Galt",0,"10","1",3.02350313426257,-0.0750724579626425
"Gm13305","OK",9.19606600411478e-18,8.50352347756645,0.0157835772187438,"Gm13305",1.71112713273893e-17,"10","1",4.01822669268847,0.14344079238831
"Anks6","OK",0.000156277393435335,3.60466586462484,0.00772246792357067,"Anks6",0.000238011976901863,"10","1",3.09474236727954,-0.489087512665401
"Baat","OK",0,62.4924916128274,0.135621598602433,"Baat",0,"10","1",3.03929908038379,0.57860822421967
"Ptgr1","OK",2.48798236740074e-83,19.3039465792811,0.041840883277896,"Ptgr1",6.49792974530111e-83,"10","1",3.17377598048449,-0.716793229752193
"Susd1","OK",1.93353963446495e-09,5.88978091901201,0.0127133590123425,"Susd1",3.25506787726944e-09,"10","1",3.16503293277026,0.431401321715702
"Ube2u","OK",1.59833734132448e-58,16.0860345346522,0.0348538689157114,"Ube2u",3.80181978905852e-58,"10","1",3.49557597399951,0.468127796477665
"Ak4","OK",0,47.3550899144013,0.102751694599142,"Ak4",0,"10","1",3.02516753436328,0.376426765746464
"Dab1","OK",5.49448025062801e-14,7.42843554588434,0.0160367587726311,"Dab1",9.77838802327213e-14,"10","1",2.9460120892644,-0.486456563645016
"Fyb2","OK",3.93101672850312e-27,10.7238959562515,0.0232058255044669,"Fyb2",7.90796499026563e-27,"10","1",3.07758075953723,-0.505022218399654
"Dhcr24","OK",0,213.898571438715,0.464374507482909,"Dhcr24",0,"10","1",4.01450593234302,0.258630583114018
"Dio1","OK",0,40.4086201691146,0.0876642820731435,"Dio1",0,"10","1",3.62216837168933,0.792580077475895
"Pdzk1ip1","OK",8.08050079368234e-134,24.5899989120987,0.0533192394762815,"Pdzk1ip1",2.44023479821826e-133,"10","1",3.96401626826526,-0.0896090771490439
"Tmem53","OK",0,77.7235945308425,0.168692282583989,"Tmem53",0,"10","1",3.3261333203435,0.640813896483769
"B4galt2","OK",6.19762105566635e-05,3.83817443006434,0.00824263921554496,"B4galt2",9.54241835168564e-05,"10","1",2.89150173426867,-0.842555453949581
"Tmem54","OK",0,39.7082777361945,0.0861534358095986,"Tmem54",0,"10","1",3.41238624812366,-0.678363492661129
"Col16a1","OK",4.242459784134e-22,9.59386081751144,0.0207248045776421,"Col16a1",8.19848597834929e-22,"10","1",3.88918502093554,-0.288650682144771
"Smpdl3b","OK",3.38960366205424e-149,25.9879364187851,0.0563408534264509,"Smpdl3b",1.06041030856793e-148,"10","1",3.39870388270617,-0.651752164536129
"Fgr","OK",0.00436122507775867,2.62274510785735,0.00559702087267656,"Fgr",0.00631994059641537,"10","1",3.03448016406299,-0.892568996124874
"Nr0b2","OK",0,140.480708709037,0.304963145927258,"Nr0b2",0,"10","1",3.87018496752978,-0.0212933327490195
"Hmgcl","OK",0,139.406690777626,0.302630875140118,"Hmgcl",0,"10","1",3.21028215647937,-0.232355048828731
"Pla2g2e","OK",2.72302503283597e-10,6.20568114117305,0.0133744095500951,"Pla2g2e",4.63404182342799e-10,"10","1",3.32378012896777,0.457490751571049
"Ctnnbip1","OK",7.91099056836466e-142,25.3277097184538,0.0549187350343157,"Ctnnbip1",2.43756502069277e-141,"10","1",3.10971791507007,0.187909910506596
"Per3","OK",8.04624082679199e-09,5.64948971091807,0.0121615977563419,"Per3",1.34057353690262e-08,"10","1",3.90794546366931,0.176061937636723
"Smim1","OK",6.71316711061996e-66,17.1058351633812,0.037078802976333,"Smim1",1.65060750378738e-65,"10","1",3.70232517482043,-0.455633094483028
"Fam213b","OK",2.02964698224856e-276,35.5053857653532,0.077026397934726,"Fam213b",8.10325187832066e-276,"10","1",3.65151674510241,-0.565898826294552
"Isg15","OK",3.05556683417705e-241,33.1477064722512,0.0719138373756497,"Isg15",1.15378143420638e-240,"10","1",3.20670659304858,0.120906660384525
"Cyp51","OK",0,137.528824107609,0.298555416610273,"Cyp51",0,"10","1",4.10656935931445,0.0194078181451456
"Nos3","OK",0.00118418268161294,3.03967122205708,0.00652322037551061,"Nos3",0.0017545185873482,"10","1",4.1389744973302,0.0120149348443643
"Insig1","OK",0,109.416282443626,0.237515078246872,"Insig1",0,"10","1",3.0500069356084,0.397117922133793
"Gm42765","OK",0.0206193563639617,2.04112189359213,0.00429833349159358,"Gm42765",0.0290395585997229,"10","1",3.57179338694812,0.177330801314701
"Cenpa","OK",1.08715331698031e-06,4.73650939754803,0.0102233034248579,"Cenpa",1.74306270546085e-06,"10","1",3.33742100955249,-0.542140414887081
"Rgs12","OK",0.00575183499717472,2.52701466240435,0.00540811185000168,"Rgs12",0.00829587421514573,"10","1",3.12905437709094,0.221726963347782
"Qdpr","OK",0,128.181742150008,0.278254475331884,"Qdpr",0,"10","1",3.15469486476184,0.272505590743412
"Slc34a2","OK",6.02333026672969e-194,29.684850033582,0.0643592097268873,"Slc34a2",2.08577377801354e-193,"10","1",3.85292680026294,0.342525789565434
"Ociad2","OK",0,68.3149053847123,0.148270612532506,"Ociad2",0,"10","1",3.47692544223071,-0.558934619598995
"Lrrc66","OK",0.031917594584548,1.85332919426338,0.00316273715640451,"Lrrc66",0.0444531268695718,"10","1",3.96321398974658,0.592874119109501
"Hopx","OK",0,41.6285366403886,0.0903191248711875,"Hopx",0,"10","1",3.4095245099187,0.538536498374333
"Ugt2b36","OK",0,143.157408816752,0.310776527195997,"Ugt2b36",0,"10","1",2.91988880397082,0.340070555037846
"Sult1b1","OK",1.25918124866771e-62,16.6609864717093,0.0361014529398995,"Sult1b1",3.05291681540116e-62,"10","1",3.37042124034167,-0.1493396069342
"Afm","OK",0,156.573443317686,0.339906747948246,"Afm",0,"10","1",2.87797195674182,0.344510624236454
"Gm42604","OK",4.4075897916613e-17,8.31974629584911,0.0179841151728804,"Gm42604",8.12921261165456e-17,"10","1",3.164794037354,0.437711307830204
"Brdt","OK",3.71247849731023e-06,4.48112797554224,0.00964688370782438,"Brdt",5.89678739652582e-06,"10","1",2.80710394145251,-0.844724347763668
"Pxmp2","OK",0,103.065680748921,0.223725120598689,"Pxmp2",0,"10","1",3.49667412997485,0.723242590255131
"Acacb","OK",4.97318032719114e-156,26.5856538316915,0.0576026438209315,"Acacb",1.58395431622427e-155,"10","1",4.14519722224475,0.200915882415165
"Mmab","OK",1.58975515653828e-237,32.8887851524287,0.0713400926070132,"Mmab",5.95448992022391e-237,"10","1",3.74101240397693,-0.159939220123897
"Mvk","OK",0,148.708664420724,0.322825083130265,"Mvk",0,"10","1",4.07784564257861,0.0237596724694864
"Oasl1","OK",5.27583156977213e-76,18.4118694463014,0.0398962572282942,"Oasl1",1.34735945239364e-75,"10","1",3.402333805573,-0.175962379150997
"Sdsl","OK",0,42.9295870860015,0.0931336975389105,"Sdsl",0,"10","1",2.75053937197925,-0.572970321350704
"Oas1c","OK",0.0234284231476629,1.98759186909326,0.00424486464365574,"Oas1c",0.0329346984191625,"10","1",2.90006572963,-0.288994243317257
"Oas1g","OK",3.07858262292311e-05,4.00670512962245,0.00862717801686804,"Oas1g",4.78574835457551e-05,"10","1",3.18176491023303,0.131610700911869
"Oas1a","OK",4.83676068771978e-43,13.7035081110414,0.0296782170502358,"Oas1a",1.07255693224212e-42,"10","1",3.17845661402942,-0.387390783005367
"Aacs","OK",0,55.5543019400412,0.120541179754848,"Aacs",0,"10","1",4.10600383044482,0.176585266417851
"Azgp1","OK",0,52.3205565952795,0.113514389566064,"Azgp1",0,"10","1",3.02330810786487,0.48540742141663
"Nudt1","OK",1.15880419919958e-97,20.9399379603775,0.0453987543681936,"Nudt1",3.15837010749469e-97,"10","1",3.04994065524341,-0.895757367783199
"Cyp3a57","OK",0.00147192987118038,2.97354006220166,0.00635264206276547,"Cyp3a57",0.00217349729363949,"10","1",3.96239216090442,0.541115948981632
"Urad","OK",0,66.3200778195577,0.143933953546734,"Urad",0,"10","1",3.52771408320666,0.57219667179047
"Gm15408","OK",1.71869967789513e-15,7.87390502039748,0.0170134359251386,"Gm15408",3.11738105639051e-15,"10","1",2.93699176074267,-0.383375814133297
"Samd9l","OK",1.39197417723999e-17,8.45528988909004,0.0182761275304657,"Samd9l",2.58316825939789e-17,"10","1",3.05448276759387,-0.25723116653503
"Gng11","OK",3.44281523850966e-37,12.6880762664287,0.0274820221320146,"Gng11",7.38751686033937e-37,"10","1",3.92442233325244,-0.23158853309692
"Tmem140","OK",8.749364638903e-81,18.9986501330054,0.041169402218459,"Tmem140",2.27115897614621e-80,"10","1",2.7441614365697,-0.547151973419796
"Gstk1","OK",0,77.8188881987301,0.168904589059623,"Gstk1",0,"10","1",3.40878684283496,0.723125765151371
"Rarres2","OK",1.03259903247942e-178,28.4801226675514,0.0617758289224923,"Rarres2",3.46680871487339e-178,"10","1",3.24923903704883,0.366592953032841
"Tmem176b","OK",0,125.345707173058,0.272064354081108,"Tmem176b",0,"10","1",3.05058319331408,-0.724726607971798
"Tmem176a","OK",0,157.30373835742,0.341482307318305,"Tmem176a",0,"10","1",3.16548449755908,-0.512191941910396
"Nod1","OK",2.44213681292218e-09,5.85106769557486,0.0126133147952641,"Nod1",4.10316473513229e-09,"10","1",3.00901324511767,-0.541367938690792
"Ggct","OK",0,60.1424311024091,0.130524855058471,"Ggct",0,"10","1",3.80479604960681,-0.68616502540649
"Pde1c","OK",1.07779028192326e-05,4.24813441357633,0.00912822379128264,"Pde1c",1.69332313030966e-05,"10","1",3.25810391665698,0.561991760558476
"Pyurf","OK",0,48.9016886984119,0.106118219205803,"Pyurf",0,"10","1",3.50351030589343,-0.666713645630489
"Abcg2","OK",0,50.689970731066,0.109988107091305,"Abcg2",0,"10","1",3.32911569834949,-0.659272601776729
"Fam13a","OK",0,39.861766120143,0.0864610016414712,"Fam13a",0,"10","1",3.50313122035266,0.670127460784306
"Vamp5","OK",0,41.8322269701492,0.0907668207365445,"Vamp5",0,"10","1",3.07121069194079,-0.836714437180172
"Bola3","OK",2.41369124252886e-231,32.4535453788406,0.070407369188047,"Bola3",8.95086904871e-231,"10","1",3.71825582743884,-0.602200677567135
"Pradc1","OK",6.48286786438914e-34,12.0831489366659,0.0261650691662564,"Pradc1",1.36508154852322e-33,"10","1",4.13306076289416,-0.0161318089300497
"Uroc1","OK",0,143.860935626103,0.312298037826665,"Uroc1",0,"10","1",3.33918196917773,0.84070379478394
"Cfap100","OK",3.37491665759091e-17,8.35133036799411,0.0180573265747369,"Cfap100",6.23509138464739e-17,"10","1",3.33352024317981,0.0816791747277872
"Kbtbd8","OK",0.0235164970977327,1.98600296943144,0.00420955201687409,"Kbtbd8",0.0330499206666567,"10","1",2.8877583241582,0.308164903945316
"Prrt3","OK",0.0248490964116602,1.9625525156255,0.00384313204121628,"Prrt3",0.0348779613736255,"10","1",3.65440590144397,-0.705157449417721
"Atp2b2","OK",2.04397885082578e-61,16.4934681955945,0.0357105948458684,"Atp2b2",4.92141545116332e-61,"10","1",3.52601487399341,0.392731735534062
"Zfand4","OK",7.32151298713688e-48,14.4869851203387,0.0313731894028588,"Zfand4",1.66203768150961e-47,"10","1",3.55567199946643,0.573687026328434
"Alox5","OK",2.95847772533451e-141,25.2756595819758,0.054786500460897,"Alox5",9.10844970570639e-141,"10","1",3.04180176020862,0.615296194381107
"Gm45083","OK",0.0142670839952322,2.18986308372103,0.00468606495421131,"Gm45083",0.0202570911841125,"10","1",4.08247620822192,0.0253065322106973
"Ndufa9","OK",0,55.7005550805322,0.12087803871767,"Ndufa9",0,"10","1",2.70826680423022,-0.667294194870601
"A2ml1","OK",2.51578019611721e-177,28.3679235087572,0.061536670401271,"A2ml1",8.4223945696098e-177,"10","1",3.36660415889026,-0.317651679688106
"Hebp1","OK",0,161.358495693964,0.350294355980471,"Hebp1",0,"10","1",3.41125161410571,0.690489003486027
"Pde6h","OK",0.0200372973186335,2.05297920213671,0.0043725535429538,"Pde6h",0.0282405727385413,"10","1",3.65151102305652,0.544361779517521
"Slco1c1","OK",0.00570628860148133,2.52980550000324,0.00495783312305937,"Slco1c1",0.00823173227645437,"10","1",3.25420911074878,0.31004817230164
"Gm15706","OK",0.000407100741814699,3.34792123459931,0.00717456475918819,"Gm15706",0.00061253095443309,"10","1",3.47664816142322,-0.233565023117672
"Stk38l","OK",6.91875477327519e-76,18.3971825082058,0.0398618728333577,"Stk38l",1.76664021647885e-75,"10","1",4.07941062213183,0.0534835551446573
"Nlrp12","OK",0,64.3531335829502,0.13965682339945,"Nlrp12",0,"10","1",3.35113317729236,0.779566476172795
"Tnnt1","OK",2.12230036274419e-25,10.3486427932256,0.0223922874886254,"Tnnt1",4.20807562866579e-25,"10","1",3.33302910090686,-0.656495740585934
"Gm44805","OK",5.20380346081689e-23,9.80793543838094,0.021231983592886,"Gm44805",1.0135741760531e-22,"10","1",3.17057807208301,0.400548050231327
"Apoc1","OK",0,367.66810444855,0.798239174464443,"Apoc1",0,"10","1",3.45622403384448,0.248090097731938
"Erich4","OK",0,78.6779774606865,0.170770561527142,"Erich4",0,"10","1",3.59161956073047,-0.464498450928341
"Gapdhs","OK",0.00615574404495072,2.50308813623238,0.00509195201353083,"Gapdhs",0.00886674807301935,"10","1",3.77195818186999,0.371002027816166
"Fxyd1","OK",0,57.5470886093941,0.124892313768675,"Fxyd1",0,"10","1",3.51088769198657,0.321861812896122
"Slc7a9","OK",0.00224299578365594,2.84179792515069,0.00598362392146071,"Slc7a9",0.00328705283023719,"10","1",3.434564898026,-0.569041660004268
"Etfb","OK",0,55.9442470856961,0.121411596040705,"Etfb",0,"10","1",3.23479039431811,-0.169798782044063
"Klk1b4","OK",0,56.2736168272679,0.122118327413175,"Klk1b4",0,"10","1",3.36749059916736,0.385222503966679
"Saa4","OK",0,73.8917598139167,0.160375401947009,"Saa4",0,"10","1",3.05084163905383,0.360293934172978
"Mcee","OK",0,39.973870946359,0.0867341847434381,"Mcee",0,"10","1",3.66046387912036,-0.648566892319332
"1810008I18Rik","OK",0,71.3435123616906,0.154848458238775,"1810008I18Rik",0,"10","1",3.65636117221118,0.136686870879521
"Gm16157","OK",9.49615437471809e-09,5.62093831018044,0.0121407722695876,"Gm16157",1.58093843420041e-08,"10","1",3.41520316363574,0.738142201728214
"Arrdc4","OK",4.82444931162126e-87,19.7406705610744,0.0427902928512262,"Arrdc4",1.27434988453668e-86,"10","1",2.99148757220508,0.679422685927738
"Ndufc2","OK",0,51.9976718372663,0.112841780555596,"Ndufc2",0,"10","1",3.68418915034533,-0.739786317520748
"Aamdc","OK",6.65930477541915e-57,15.8533954072725,0.0343562525242275,"Aamdc",1.57324278559586e-56,"10","1",3.6425829625249,-0.570552041702877
"Aqp11","OK",0,41.3342856073632,0.0896793440608066,"Aqp11",0,"10","1",3.20211417437793,0.645031401938786
"Ucp2","OK",0,38.6445926068789,0.0838386636136515,"Ucp2",0,"10","1",3.63390214205981,-0.489488771134029
"P2ry2","OK",4.69437921125026e-61,16.4431634137055,0.0356143192944437,"P2ry2",1.12781393311364e-60,"10","1",3.66164691210986,0.496471593207707
"Il18bp","OK",1.06949028312618e-17,8.48598553379537,0.0183485153726168,"Il18bp",1.98808681406556e-17,"10","1",3.03167707682849,-0.54046623962463
"Trim12a","OK",2.87328290940795e-06,4.53550558223503,0.00976699123241592,"Trim12a",4.5728410906583e-06,"10","1",2.85172183276416,-0.998872449570309
"Trim30a","OK",3.80667466010596e-05,3.95625625308293,0.00850141701718478,"Trim30a",5.90142410125492e-05,"10","1",3.15186650515796,0.147618601149906
"Trim30d","OK",8.18755510201983e-10,6.0302057145408,0.0130072378937434,"Trim30d",1.38367604310411e-09,"10","1",3.2171667313695,-0.0256103779608114
"Cyp2r1","OK",0,38.6561548954392,0.083861480921792,"Cyp2r1",0,"10","1",3.71319873095752,-0.20826499717773
"Gprc5b","OK",5.37139122873754e-139,25.0693466891866,0.054344769620331,"Gprc5b",1.64250304925056e-138,"10","1",3.05524642230273,0.420082399672856
"Chp2","OK",0.0128326072910049,2.23124031878739,0.00477267161749583,"Chp2",0.0182507927900564,"10","1",3.57343585253955,0.661913463897099
"Aqp8","OK",0,173.943136055065,0.377619881501815,"Aqp8",0,"10","1",3.82853467227221,0.00241548759399812
"Fuom","OK",2.48665386096068e-115,22.7964422489251,0.0494368198066091,"Fuom",7.16760668011672e-115,"10","1",3.75194556475879,-0.512919833832393
"Paox","OK",0,42.5652592412664,0.0923523310783796,"Paox",0,"10","1",3.4627688622594,0.586478183097233
"Urah","OK",2.33089040859129e-70,17.6940312701031,0.0383598140215451,"Urah",5.827416174065e-70,"10","1",3.65073067904712,0.625857422179569
"Ifitm2","OK",0,41.9254763934961,0.0909688526337168,"Ifitm2",0,"10","1",3.40286786319018,-0.203763892822872
"Ifitm3","OK",1.86609457233813e-48,14.5806005705589,0.0315864748504659,"Ifitm3",4.24434720675926e-48,"10","1",3.07411367655993,-0.0596665646368368
"Irf7","OK",0,62.5280930314496,0.135696369483534,"Irf7",0,"10","1",3.16664654971362,-0.00143640296996672
"Dhcr7","OK",0,122.209445941478,0.265283603957532,"Dhcr7",0,"10","1",4.10308773280383,0.11899215919434
"Gm48727","OK",0.00186005689322686,2.90096841051069,0.00622421424922043,"Gm48727",0.00273318486525845,"10","1",3.50779969455005,-0.411189010315548
"Hebp2","OK",6.19457618781663e-84,19.3756482184485,0.0420011139528118,"Hebp2",1.62144671892576e-83,"10","1",3.49193627597095,-0.520927360230099
"Vnn3","OK",0,107.667571338806,0.233712677070287,"Vnn3",0,"10","1",3.04775626422168,-0.53757088440002
"Akap7","OK",4.51330396314037e-14,7.45441700086695,0.0161120346985185,"Akap7",8.04248826924059e-14,"10","1",3.2203589177251,-0.411094596558224
"Echdc1","OK",0,91.6506526919024,0.198936122029949,"Echdc1",0,"10","1",3.13745934726001,0.0172048304742471
"Gm47815","OK",0.000331438235599507,3.4044903305484,0.00708313740712569,"Gm47815",0.000500653399456945,"10","1",3.41758925677539,-0.576561620407711
"Ccdc138","OK",0.00441896928932005,2.61826019742424,0.00561427982820837,"Ccdc138",0.00640059234523595,"10","1",3.05170924426318,0.569374868697514
"Cisd1","OK",0,77.4087998838943,0.168016405786533,"Cisd1",0,"10","1",3.13351733447314,0.408613393134464
"Gstt1","OK",0,130.693831987257,0.283708410116152,"Gstt1",0,"10","1",3.34158212901355,-0.15301506774963
"Lss","OK",0,120.967872804608,0.262582912108359,"Lss",0,"10","1",4.20157701731921,0.16766912681519
"Gm15343","OK",1.44135925722618e-07,5.13095759639465,0.0110631343572367,"Gm15343",2.35432767279359e-07,"10","1",3.44827682734729,-0.0647303368383749
"Adamtsl5","OK",4.04305320468893e-14,7.46891122789483,0.0161382644633619,"Adamtsl5",7.20871587799028e-14,"10","1",3.16558773280383,-0.548649003677975
"Chpt1","OK",1.53776352201435e-291,36.4720632127375,0.079120464768075,"Chpt1",6.28015736882354e-291,"10","1",3.29767114878894,0.260783264464726
"4732465J04Rik","OK",3.29833288511175e-25,10.3063388325933,0.022305986953125,"4732465J04Rik",6.52638879113731e-25,"10","1",3.21376330615283,0.50129766208588
"Gm40770","OK",0.0230330684392555,1.99478680697717,0.00426495864243223,"Gm40770",0.0323883369454632,"10","1",3.4349458909154,0.272562095946659
"Fam19a2","OK",1.66797628046348e-11,6.63092254727489,0.014313770195815,"Fam19a2",2.88926074446552e-11,"10","1",3.29636771441699,0.357056448287357
"Rdh16f2","OK",0,151.445304778774,0.328766997632519,"Rdh16f2",0,"10","1",3.05562336207629,0.359959194487919
"Sdr9c7","OK",1.11275478087494e-07,5.17944169488237,0.0111707424065483,"Sdr9c7",1.82127125692658e-07,"10","1",3.56074268580676,0.623046347922672
"Rdh5","OK",0,117.215669319615,0.254444574417721,"Rdh5",0,"10","1",3.17734176875354,0.485500881499638
"Bloc1s1","OK",5.19571626907528e-44,13.8645231814911,0.0300456025330914,"Bloc1s1",1.15717965684652e-43,"10","1",3.43669349910022,-0.10020368354858
"C330021F23Rik","OK",0.0289651386680651,1.89622516187441,0.00404751216516492,"C330021F23Rik",0.0404587802926857,"10","1",3.37102062464953,0.37787420494019
"Slc10a2","OK",0,57.6040759828579,0.12499377680416,"Slc10a2",0,"10","1",3.10676295520068,-0.190884998016964
"Thsd1","OK",0.00313401569559547,2.73342017931207,0.00580873347721558,"Thsd1",0.00456661492046495,"10","1",3.36269647837878,-0.757677962952267
"Slc25a15","OK",0,59.8394895629237,0.129851349307284,"Slc25a15",0,"10","1",3.46888215304614,0.760763714141239
"Ido2","OK",9.95832857193562e-113,22.532547433183,0.0488534106690135,"Ido2",2.84738698838906e-112,"10","1",3.39449126483203,0.480907032317509
"Gm30978","OK",0.0303818408783127,1.8752111433049,0.00397285628910968,"Gm30978",0.0423796948364483,"10","1",3.3412438130498,-0.18718664901794
"6430573F11Rik","OK",0.000958929772318269,3.10266600068259,0.00662129601267352,"6430573F11Rik",0.0014254638049314,"10","1",3.52646095515491,0.573157617873539
"F11","OK",0,127.13641581828,0.275983889230705,"F11",0,"10","1",2.87894375087024,0.372574159926762
"Cyp4v3","OK",0,87.9616334560391,0.190927000304758,"Cyp4v3",0,"10","1",3.1876371598363,-0.147431781464229
"Msmo1","OK",0,118.891398487953,0.258087784414241,"Msmo1",0,"10","1",4.18373186351062,-0.0078877713018759
"Sh2d4a","OK",1.35383322918141e-75,18.3607648403003,0.0397827224026965,"Sh2d4a",3.45171157583141e-75,"10","1",4.04034001590014,0.0184498522943155
"Bst2","OK",0,66.1015495773628,0.143463439429587,"Bst2",0,"10","1",3.21146495105029,-0.408913304978023
"Tecr","OK",0,126.078392949715,0.273687887301965,"Tecr",0,"10","1",3.38515312434436,-0.599729468994747
"1700067K01Rik","OK",0.000277081910464638,3.45310958914124,0.00741804133746107,"1700067K01Rik",0.000419330974227126,"10","1",3.67000992060901,0.889386603659977
"Gm42031","OK",1.26414164504492e-162,27.1500542204742,0.0588829887671193,"Gm42031",4.08745356130476e-162,"10","1",3.3190978264928,-0.652901580505977
"Ces2c","OK",0,152.915344810693,0.331959386288498,"Ces2c",0,"10","1",3.49432475329638,-0.49732487457336
"Hp","OK",0,175.834009889101,0.381627660260913,"Hp",0,"10","1",3.22324831248523,-0.479994228058468
"Gm16116","OK",2.26098980117389e-32,11.7876088366094,0.0254998445410337,"Gm16116",4.7097806856155e-32,"10","1",3.10442716838122,-0.734554698639522
"Gcsh","OK",0,109.144355903875,0.23692385638726,"Gcsh",0,"10","1",3.17616159678699,-0.330007722550045
"Mvd","OK",0,137.50299008378,0.298490592653096,"Mvd",0,"10","1",4.15054256678821,0.105928489989628
"Sult5a1","OK",0.00883308255050852,2.3725417785329,0.00506034996786412,"Sult5a1",0.0126356413250898,"10","1",3.74490840197803,0.832022259063114
"Spata2l","OK",4.29314770399627e-38,12.8501325870588,0.0278144681820655,"Spata2l",9.24970504335416e-38,"10","1",3.43960530520678,0.821747968024601
"4732419C18Rik","OK",0.000146833121429652,3.62082399807647,0.00779189857586115,"4732419C18Rik",0.000223806219005925,"10","1",3.61772210360766,-0.432000329666744
"Gm45866","OK",8.03538640491529e-14,7.37798113851159,0.0159434110725955,"Gm45866",1.42705407837873e-13,"10","1",3.6515842175603,-0.330806186371456
"Flnb","OK",5.30916954013637e-155,26.4965613302055,0.0574437998790611,"Flnb",1.68640971939282e-154,"10","1",2.9310875630498,-0.47556202667297
"4930452B06Rik","OK",0.0116180900954949,2.26952892673317,0.00481860869404037,"4930452B06Rik",0.0165434434098381,"10","1",3.38056785823108,0.239825556105961
"Fhit","OK",1.00357379909083e-148,25.946197516359,0.0562704219509927,"Fhit",3.13448049805722e-148,"10","1",3.29970032931567,0.0881076548761026
"Ube2e2","OK",1.54841893158795e-85,19.5646232444648,0.042408381772675,"Ube2e2",4.07390509765147e-85,"10","1",2.74155695201159,-0.73038094299377
"Dnah1","OK",3.59659232467208e-06,4.48789060498474,0.00966402638821997,"Dnah1",5.71508702592038e-06,"10","1",3.84693867923022,0.439980337447514
"Fam213a","OK",0,108.601134495573,0.235742075400155,"Fam213a",0,"10","1",2.84015567065478,-0.817385127716671
"Mbl1","OK",0,70.9541041166913,0.153995768715297,"Mbl1",0,"10","1",3.50501949549914,0.795565674132694
"Psme1","OK",0,86.5641006253369,0.187896055574688,"Psme1",0,"10","1",2.95777375460864,-0.670375039749752
"Psme2","OK",0,60.9646837847644,0.132312633946708,"Psme2",0,"10","1",3.02435786486865,-1.10965101974548
"Cideb","OK",0,144.300684363733,0.313257751914663,"Cideb",0,"10","1",2.96352202655078,-0.0139450337225302
"Gm16573","OK",3.45211416604379e-11,6.5227230384571,0.0140883678915862,"Gm16573",5.94947085437959e-11,"10","1",3.58657605410815,0.787435123748173
"Phf11d","OK",0.000150394853958799,3.61461893699683,0.00777257721809809,"Phf11d",0.000229166701194379,"10","1",3.22040970088244,0.0760384295648233
"Cab39l","OK",0,41.2325789122376,0.089460605994656,"Cab39l",0,"10","1",3.27635390521289,-0.263046672516476
"Rnaseh2b","OK",1.01093141368551e-20,9.26117945212097,0.0200408109321378,"Rnaseh2b",1.93100249961395e-20,"10","1",3.58902199031116,-0.597078492813717
"Fam124a","OK",2.02583288017488e-10,6.25202420617209,0.0134909263906232,"Fam124a",3.45369795537602e-10,"10","1",2.89883000613452,-0.711207797699581
"Fdft1","OK",0,134.114720396519,0.291140755932674,"Fdft1",0,"10","1",4.12707311869861,-0.0463272835546835
"Msra","OK",0,105.443369087534,0.228887014084562,"Msra",0,"10","1",2.97409112216235,0.368560621566166
"Dpysl2","OK",6.70265896123838e-05,3.81889062536012,0.00820604522904684,"Dpysl2",0.000103034553835329,"10","1",4.11910946131946,0.133248636550297
"Nkx2-6","OK",5.47987179328175e-06,4.39731657401342,0.00939286055404196,"Nkx2-6",8.67618056297337e-06,"10","1",3.7882984376073,0.0716903899377481
"Cpb2","OK",0,93.2371188045627,0.202374078607193,"Cpb2",0,"10","1",3.44477445842029,0.450152108497013
"Ccdc122","OK",7.97374021247512e-27,10.6583064991441,0.0230626436646506,"Ccdc122",1.60049281210055e-26,"10","1",2.99466473819018,0.452717253989567
"Clybl","OK",5.82968880915503e-208,30.7515463748552,0.0667030994757196,"Clybl",2.07210210212671e-207,"10","1",3.27643615962268,0.324083397216191
"Ddx25","OK",5.25931085990045e-18,8.56812212073265,0.0185398498049874,"Ddx25",9.81230004946483e-18,"10","1",3.52728779078723,0.119417497939457
"Sc5d","OK",0,130.624486082476,0.283553758885954,"Sc5d",0,"10","1",3.49187929393054,0.273661682433476
"Gm36435","OK",1.51654513436774e-07,5.12137919345119,0.0110456485200386,"Gm36435",2.47660887710934e-07,"10","1",3.09554035426379,-0.00171726005614836
"Slc37a4","OK",0,183.707754533588,0.398817611900488,"Slc37a4",0,"10","1",3.1688874459386,0.165599415130009
"Ttc36","OK",1.26110240893943e-190,29.4264234425125,0.0638154042886055,"Ttc36",4.33951767621355e-190,"10","1",3.46217233897449,0.431812593764652
"Apoc3","OK",0,317.936021690416,0.690204270179844,"Apoc3",0,"10","1",3.5311532712102,0.329490969008793
"Apoa4","OK",0,105.237620620796,0.22844177860831,"Apoa4",0,"10","1",2.99456221820117,0.345677921599735
"Plet1","OK",2.36697502173333e-06,4.57624548924238,0.00985966737182075,"Plet1",3.77175106676578e-06,"10","1",2.92728264094592,-0.970105579071651
"Pts","OK",0,38.7001832366869,0.0839641004442988,"Pts",0,"10","1",3.25062424899341,-0.811705520325313
"Il18","OK",2.14034800346452e-47,14.4130980606779,0.0312200602167691,"Il18",4.84797523386354e-47,"10","1",3.60736973048449,0.0718205664819376
"Sdhd","OK",0,122.382545008915,0.265667977941191,"Sdhd",0,"10","1",3.1724103188634,0.300047943419804
"Nrg4","OK",8.52554153843669e-154,26.3917266612419,0.0572281909384785,"Nrg4",2.70078298518638e-153,"10","1",3.72827846766711,-0.104175021820675
"Gm10658","OK",0.000920837969006486,3.11464310871522,0.00669492957992937,"Gm10658",0.0013703020490518,"10","1",3.55245430232287,-0.608158519440304
"Slc51b","OK",0.00175719041085478,2.91874987981002,0.00627135033106339,"Slc51b",0.00258500659231257,"10","1",3.74149162532092,0.8290299866861
"Gm10642","OK",0.00313399748959065,2.73342209242224,0.00585824264691402,"Gm10642",0.00456661492046495,"10","1",3.92651445628406,0.0529051516717569
"Lipc","OK",1.29131880910963e-242,33.2429314267901,0.0720999661092246,"Lipc",4.88806277470033e-242,"10","1",3.24282629252673,0.711629578894962
"Elovl5","OK",0,107.939738653516,0.234306943870586,"Elovl5",0,"10","1",3.11342937709094,0.352481672591557
"Gm27216","OK",0,54.6586817771251,0.118614577750423,"Gm27216",0,"10","1",3.56660563708545,0.749070713347782
"Mthfs","OK",0,69.8677488984637,0.151642156757727,"Mthfs",0,"10","1",3.26777536631824,-0.638670375519405
"Adamts7","OK",1.36687811106301e-05,4.19458168683364,0.00898510873852823,"Adamts7",2.14223926519571e-05,"10","1",3.58001835108996,0.806609699553837
"Pls1","OK",3.44874802307544e-28,10.9466181361551,0.0236855096286133,"Pls1",6.99565342303217e-28,"10","1",3.14561564685107,0.688284942931523
"Gm16010","OK",8.500480096089e-14,7.37048405345578,0.0158964026196282,"Gm16010",1.50947799875271e-13,"10","1",3.63982016803027,0.825496861762394
"Rbp1","OK",0,41.7704660172581,0.0906333656540136,"Rbp1",0,"10","1",3.36380703212024,-0.0134889389807089
"Rbp2","OK",5.67722888977362e-10,6.08910367260493,0.0131363047572564,"Rbp2",9.61239538983439e-10,"10","1",3.81402761698962,0.160615036315312
"Gpx1","OK",0,70.26487462975,0.152457662129213,"Gpx1",0,"10","1",3.62623364688159,0.702640721625675
"Cyp8b1","OK",4.03819409755047e-24,10.0626864074777,0.0217533075643173,"Cyp8b1",7.9329805329187e-24,"10","1",3.60094005824328,-0.0769008900457724
"Sec14l4","OK",8.13057749478062e-211,30.964399097522,0.0671532172134798,"Sec14l4",2.90814283269196e-210,"10","1",3.02728445292712,0.283852884597172
"Mdh1","OK",0,106.817721188308,0.231856388179972,"Mdh1",0,"10","1",3.35016734362842,-0.482588460617672
"Pex13","OK",0,72.2128628542776,0.156728471140789,"Pex13",0,"10","1",2.78217751742602,-0.988417318039547
"Chac2","OK",0,63.5366082388589,0.137888654869524,"Chac2",0,"10","1",3.29676730395556,-0.802249124222408
"Pank3","OK",0,39.6458248336653,0.0860017458121953,"Pank3",0,"10","1",4.07714397670031,0.0782316420739786
"Timd2","OK",0,51.6924930926807,0.112170746842862,"Timd2",0,"10","1",3.39355880976916,0.799887964553227
"Psme2b","OK",2.35625527428305e-15,7.83435620204751,0.0169413807944375,"Psme2b",4.26519782254449e-15,"10","1",2.8904815411687,-1.00757472770752
"Rnf130","OK",0,50.6823065431082,0.109975111960165,"Rnf130",0,"10","1",3.05573374987842,-0.67715852516235
"Sar1b","OK",0,83.5806805163884,0.181417787937242,"Sar1b",0,"10","1",2.95418388606311,0.221872398681034
"Gm12248","OK",0.00667800445828451,2.4741326684294,0.00528344205644705,"Gm12248",0.00960546909924844,"10","1",3.8414195275426,0.265598842925419
"Zfp867","OK",9.48749051543563e-07,4.76404537070171,0.0102427536204433,"Zfp867",1.523227338307e-06,"10","1",2.67841131449939,-1.10176031845153
"Slc47a1","OK",0,55.8280006338768,0.121138241691766,"Slc47a1",0,"10","1",3.23029501200915,0.678323337859501
"Gas7","OK",4.99454534919881e-05,3.89085672080967,0.00834325542992179,"Gas7",7.71330562243231e-05,"10","1",3.91138775111438,0.571578213996281
"Sat2","OK",6.33884267460333e-266,34.8187025079452,0.0755267697634318,"Sat2",2.49051503340889e-265,"10","1",2.96595055819751,0.448318669623722
"Tnfsf13os","OK",6.70091825242505e-17,8.26994718903,0.017887192347944,"Tnfsf13os",1.23351958651981e-16,"10","1",3.3101957535863,0.33640200836121
"Asgr1","OK",0,97.8903383873341,0.212477556882734,"Asgr1",0,"10","1",3.13000375987292,0.394752332991947
"Cxcl16","OK",7.84026299367479e-10,6.0372062417307,0.0130251782389318,"Cxcl16",1.3255693462659e-09,"10","1",3.1730263924718,-0.44060724037231
"Vmo1","OK",0.00110098220975854,3.06154696923503,0.00656873755105197,"Vmo1",0.00163314137464958,"10","1",3.0380919671178,-0.224126746826778
"Xaf1","OK",1.73952972490972e-84,19.440914897856,0.0421420492991951,"Xaf1",4.56261793474694e-84,"10","1",3.12221724749804,-0.0650378968054159
"Ggt6","OK",7.73476628036918e-42,13.5007961553442,0.0292264244250132,"Ggt6",1.70336050178351e-41,"10","1",3.8168206906438,0.936281869239201
"Srr","OK",5.939234510461e-62,16.5679615974208,0.0359015912039152,"Srr",1.43430875340889e-61,"10","1",2.82220752002002,-0.958899905853878
"Tlcd2","OK",0,119.355713161939,0.259089555848931,"Tlcd2",0,"10","1",3.98531682254077,-0.00445835846007903
"Unc119","OK",0,83.7356879084799,0.181744266237383,"Unc119",0,"10","1",3.26940448046924,-0.162845781021725
"Slc13a2","OK",1.29545869959301e-09,5.95561745497904,0.0128374118019314,"Slc13a2",2.1839931404845e-09,"10","1",3.81576688052417,-0.263489177399288
"Ccl9","OK",0,97.4833988149703,0.211605069655805,"Ccl9",0,"10","1",3.18857509852649,0.43196184379517
"Dusp14","OK",5.6455697206214e-15,7.72380063728674,0.016688240634542,"Dusp14",1.01713186160002e-14,"10","1",3.66390974284411,0.577355930632939
"C030037D09Rik","OK",0.00260880626694976,2.79328236490733,0.00598272888841804,"C030037D09Rik",0.00381292812175421,"10","1",2.92347604991199,-0.914320876770626
"Tmem100","OK",0.00031922937558269,3.41472739679225,0.00706342472741932,"Tmem100",0.000482306421026776,"10","1",3.2084005570531,-0.587166478806148
"Mmd","OK",5.66852082025719e-91,20.1927519351458,0.0437749701795506,"Mmd",1.51480196248345e-90,"10","1",3.09489495517016,0.178048441237797
"Hlf","OK",2.41021068372553e-23,9.88531939586661,0.0213906950884314,"Hlf",4.70466984799062e-23,"10","1",3.70345241786242,-0.736198833161007
"Acly","OK",0,129.536176664504,0.281192890861878,"Acly",0,"10","1",4.1340585446477,0.159752199477543
"Dhx58","OK",3.83737583622107e-22,9.60420550689245,0.0207726617253503,"Dhx58",7.42050857375258e-22,"10","1",3.16591603518725,-0.124491622620235
"Ifi35","OK",0,58.7817860397493,0.127558155318398,"Ifi35",0,"10","1",2.93475920916797,-0.459460666351925
"Arl4d","OK",2.69530010548945e-252,33.9062391999708,0.0735369690030914,"Arl4d",1.03769054061344e-251,"10","1",3.59479839564563,-0.661397864990841
"Meox1","OK",3.58286442382464e-11,6.51714680523714,0.0140754861433495,"Meox1",6.17272673333315e-11,"10","1",3.27673609019519,-0.316569736176143
"Kif19a","OK",2.29915130990836e-19,8.92154442559026,0.0192826254991714,"Kif19a",4.33758871235235e-19,"10","1",3.24817569018603,-0.0654470230871542
"Tk1","OK",8.03909880400667e-84,19.3622270584535,0.0419701553924317,"Tk1",2.10353673110987e-83,"10","1",3.19326002360583,0.478104779548039
"Rbfox3","OK",2.26397718635873e-25,10.3424531829853,0.0206945485661265,"Rbfox3",4.48782955065651e-25,"10","1",3.4060586190343,-0.749838998489986
"Mafg","OK",0,46.2358306830709,0.100305997597789,"Mafg",0,"10","1",3.12869293452502,-0.694387843781124
"Dcxr","OK",0,91.3184603741004,0.198216085940878,"Dcxr",0,"10","1",3.22919161082507,0.742682883567204
"Fasn","OK",0,142.726039351627,0.309815004571243,"Fasn",0,"10","1",4.11680824519397,0.214851209945072
"Akr1c18","OK",0,95.5570101389723,0.207416143109351,"Akr1c18",0,"10","1",3.2234881615758,-0.25409977691711
"Idi1","OK",0,121.829439210867,0.264467574876169,"Idi1",0,"10","1",4.15862924815417,0.0406656954949991
"Epdr1","OK",2.4589884510141e-16,8.1135059914722,0.0175390028004142,"Epdr1",4.50222010214949e-16,"10","1",3.20540888072253,-0.569300105744015
"Hist1h1e","OK",0.0293383880880698,1.89060736645858,0.00404640647200355,"Hist1h1e",0.0409689347191738,"10","1",2.99477655650378,-0.639469077759395
"Acot13","OK",1.87794339625562e-147,25.8332242893126,0.0560317862568003,"Acot13",5.85586623134409e-147,"10","1",3.682372162354,-0.757654836350094
"Serpinb9","OK",1.61895870050596e-11,6.635323438801,0.0143277235068113,"Serpinb9",2.80593871370353e-11,"10","1",2.75336844683887,-0.783529927902828
"Nqo2","OK",0,70.1453752160831,0.152237051988672,"Nqo2",0,"10","1",3.00975973368884,-0.472313335114132
"Bphl","OK",0,91.5156933873379,0.198645822352586,"Bphl",0,"10","1",3.14134843112231,0.339316675490727
"Fam50b","OK",2.5651972742277e-05,4.04960595587012,0.0086229215402899,"Fam50b",3.99456482042593e-05,"10","1",3.3485782837987,0.191179344481816
"AI463229","OK",5.03615001795778e-75,18.2892874928308,0.0396363587602469,"AI463229",1.28102468003265e-74,"10","1",3.24711806536914,-0.166249921494137
"Adtrp","OK",0,97.3713279926029,0.211358881986346,"Adtrp",0,"10","1",3.73236901522876,-0.257718017273556
"Tpmt","OK",0,50.6238037937843,0.109858302157556,"Tpmt",0,"10","1",3.13334686518908,-0.233184983902584
"Cdhr2","OK",1.37521985318204e-53,15.3663973366997,0.0332625352606479,"Cdhr2",3.20542954218259e-53,"10","1",3.56415874720813,0.299651930159916
"Habp4","OK",0,69.982440266949,0.151882886149275,"Habp4",0,"10","1",2.98830992938281,-0.616856029205929
"Glrx","OK",0,80.0253644751763,0.173691376331176,"Glrx",0,"10","1",3.37406284571887,-0.771663358383785
"Mblac2","OK",0,55.3253592011006,0.120047974821942,"Mblac2",0,"10","1",4.06563694239856,0.0676933024591104
"Dhfr","OK",0,64.5730474814787,0.140144190574762,"Dhfr",0,"10","1",3.25725276232959,-0.12874429481567
"Hmgcr","OK",0,132.159131429481,0.286882580141025,"Hmgcr",0,"10","1",4.13644010783435,0.161125967330326
"Hmgcs1","OK",0,117.691827448542,0.255483960479024,"Hmgcs1",0,"10","1",4.15081007243396,0.0739701483911173
"Wdcp","OK",1.2245396795581e-16,8.19775987995873,0.0177240904386493,"Wdcp",2.24821729090208e-16,"10","1",2.73410708667041,-0.763567855530392
"5033421B08Rik","OK",0.000591100327240341,3.24314009565495,0.00696355390952559,"5033421B08Rik",0.000885292768478521,"10","1",3.61808306933642,-0.30197804229797
"Gm48558","OK",0.00300614728757905,2.7471101107598,0.00582887656557925,"Gm48558",0.00438488290219646,"10","1",3.31493670703174,0.807678053206791
"5730507C01Rik","OK",0.0159113791050575,2.14662989191387,0.00439578622199118,"5730507C01Rik",0.0225395268583522,"10","1",3.56929356814624,-0.139648130112301
"Iah1","OK",0,125.629970214729,0.272719190754087,"Iah1",0,"10","1",3.26555402041675,-0.135353496246944
"Immp2l","OK",0,64.2806245304351,0.139506027644804,"Immp2l",0,"10","1",3.4840148186803,-0.679233005219112
"L3hypdh","OK",6.15682109085738e-156,26.5776332530789,0.0576327910794678,"L3hypdh",1.95931400986932e-155,"10","1",2.81002480746509,-0.844070842438351
"Lrrc9","OK",0.0235321070748753,1.98572187980367,0.00409125891950182,"Lrrc9",0.0330688258169768,"10","1",3.18233377696277,0.27153498870789
"Gm10451","OK",0.00124179382995045,3.02533391440235,0.00638088895872809,"Gm10451",0.00183898780867215,"10","1",3.28963262797595,-0.422318628006588
"Rdh11","OK",0,88.3343579746783,0.191739875832068,"Rdh11",0,"10","1",4.07602746249438,0.128799269027104
"Npc2","OK",0,110.163259005435,0.239136523273314,"Npc2",0,"10","1",2.96105105639697,-0.773030450516353
"Prox2","OK",0.000928019230675444,3.11235073467609,0.00662634923532206,"Prox2",0.00138072032931739,"10","1",3.65298492671252,0.362848589248051
"Erg28","OK",0,145.665789384509,0.316222731585098,"Erg28",0,"10","1",4.03418142558337,-0.0112239624792441
"Ifi27","OK",0,58.9708356246666,0.127980931857156,"Ifi27",0,"10","1",3.18948657275439,-0.343559911423336
"Serpina1b","OK",0,196.909152381938,0.427430709081799,"Serpina1b",0,"10","1",3.18940288783313,0.261400768584599
"Serpina1d","OK",0,175.166023142311,0.38009345284423,"Serpina1d",0,"10","1",3.12057120562793,0.65665621501862
"Serpina1a","OK",0,126.541925155861,0.274681784063127,"Serpina1a",0,"10","1",3.49049646617175,0.184980223006596
"Serpina1c","OK",0,151.512819551335,0.328914591342301,"Serpina1c",0,"10","1",3.60300118685962,0.268671343154301
"B430119L08Rik","OK",1.33298348879736e-06,4.69500768766135,0.010100619910276,"B430119L08Rik",2.13319122703311e-06,"10","1",3.89627988101245,0.666207263297428
"Serpina1e","OK",0,154.063499696364,0.334422876577383,"Serpina1e",0,"10","1",3.36069686175586,0.327334711379399
"Serpina12","OK",4.00328000330062e-160,26.9374338793092,0.0584289698452275,"Serpina12",1.2876208961078e-159,"10","1",3.6444607472539,-0.277476003342281
"Serpina3k","OK",0,137.740225331285,0.298877528457847,"Serpina3k",0,"10","1",3.44312793971301,0.73422903758942
"Serpina3m","OK",0,81.0589280476134,0.175921758755548,"Serpina3m",0,"10","1",3.03264696360827,0.253925869292607
"Slc25a47","OK",0,164.765013022644,0.357691108013803,"Slc25a47",0,"10","1",3.04221160174609,-0.264311721497188
"Adssl1","OK",0,54.2978526801052,0.117821881103475,"Adssl1",0,"10","1",3.89222581149341,0.491707751578678
"Pld4","OK",0.0015500638627502,2.95763121563573,0.00631612219631328,"Pld4",0.00228644864929932,"10","1",3.08854968310595,-0.125304153137813
"Lifr","OK",0,123.406891701101,0.267886750331341,"Lifr",0,"10","1",3.81943852664233,0.420919248885502
"Amacr","OK",0,107.6831763198,0.233748564418426,"Amacr",0,"10","1",2.96238357783557,0.407999226874699
"Ropn1l","OK",0,50.0331482500309,0.108573566901529,"Ropn1l",0,"10","1",3.54879934550525,-0.137142112427364
"Cmbl","OK",0,97.7965599350535,0.21228405551757,"Cmbl",0,"10","1",3.39225704432727,0.7968513463205
"Rida","OK",0,116.143317078054,0.252082234437237,"Rida",0,"10","1",3.51671607257129,0.577085921592106
"Sqle","OK",0,122.840834180277,0.266659674484864,"Sqle",0,"10","1",4.0194996094823,0.00687987548767488
"Ly6e","OK",0,138.843441396036,0.301392650599226,"Ly6e",0,"10","1",3.20668537379504,-0.503042628937374
"Cyc1","OK",0,196.016263546472,0.425546437159426,"Cyc1",0,"10","1",3.13373381854297,-0.589936902695309
"Slc39a4","OK",0,155.621046031974,0.337831979093157,"Slc39a4",0,"10","1",2.6991916394353,-0.672080686264644
"Apol9a","OK",0,40.6197449713287,0.0881267886743316,"Apol9a",0,"10","1",3.05685956240893,-0.120773484879146
"Apol9b","OK",0,42.6963773607039,0.0926367059987091,"Apol9b",0,"10","1",3.00105221034289,0.22102696639954
"Slc25a17","OK",0,172.582171700821,0.374665379827912,"Slc25a17",0,"10","1",3.32189161540271,-0.807931115799557
"Bik","OK",2.31000805295154e-93,20.4628072875917,0.044342336748364,"Bik",6.21859687199166e-93,"10","1",3.01272256137134,-0.626963069611202
"Pnpla5","OK",5.18149555657611e-245,33.4083706596877,0.0724662193380804,"Pnpla5",1.97208287166954e-244,"10","1",3.82290680171252,0.0743978713220255
"Pnpla3","OK",0,40.2361528415904,0.0872705722475066,"Pnpla3",0,"10","1",3.79392773867846,0.0869127009576456
"Miox","OK",0,44.1619469605518,0.0958201711216218,"Miox",0,"10","1",3.14819342852832,0.644236991233219
"Slc38a4","OK",0,160.906010509209,0.349313771078685,"Slc38a4",0,"10","1",2.95709712268115,0.40369207603394
"Rpap3","OK",0,38.4646115876598,0.0834541229053206,"Rpap3",0,"10","1",3.82756263972522,0.550451109237065
"Gm16537","OK",0.000155174407953228,3.60650505487746,0.00740106594497996,"Gm16537",0.000236355611636909,"10","1",3.93700821162463,-0.324405601196895
"Methig1","OK",9.77085961176308e-10,6.00157121953817,0.0129322031221819,"Methig1",1.64997665672301e-09,"10","1",4.06520492793322,0.0732107852166788
"Mettl7a2","OK",4.34409111812762e-06,4.44748426183754,0.0093525511109504,"Mettl7a2",6.89073583882708e-06,"10","1",4.02244908572436,0.0911217425531046
"Nfe2","OK",3.67879251123046e-24,10.0718566440816,0.0217921120688834,"Nfe2",7.22879426129575e-24,"10","1",4.14386517764331,0.0517416690057413
"Rogdi","OK",0,120.406624291288,0.261377626567785,"Rogdi",0,"10","1",3.19546706439258,0.270740816420902
"Mpv17l","OK",2.83426315749824e-12,6.8877410712324,0.0148700476651448,"Mpv17l",4.94978508802662e-12,"10","1",3.39246732951404,0.666729161567082
"Snai2","OK",3.18069602810329e-24,10.0861529705206,0.0218138884325216,"Snai2",6.25164253958782e-24,"10","1",2.95675570727588,0.341077635115971
"Ehhadh","OK",0,60.2683307105454,0.130779195970883,"Ehhadh",0,"10","1",3.87341387034656,0.506928036040653
"Rtp4","OK",3.43718168568241e-216,31.361065298941,0.068025848186846,"Rtp4",1.23953718450722e-215,"10","1",3.06811053515674,-0.249139716797481
"Lppos","OK",0.000385655736202043,3.36288979991321,0.00722063444973626,"Lppos",0.000580947979337781,"10","1",3.38306696177722,-0.135122468643795
"Gm20319","OK",8.20904485005935e-112,22.4389207409853,0.0486493617710838,"Gm20319",2.34196973072909e-111,"10","1",3.25045425654651,0.839881250686039
"Muc4","OK",3.40949361832125e-08,5.3958764147886,0.0108362122314878,"Muc4",5.62425134175224e-08,"10","1",3.66484005213977,0.205677816695561
"Hacd2","OK",0,81.3822941642173,0.176643296576486,"Hacd2",0,"10","1",3.09623605967761,-0.781384399109493
"Impg2","OK",2.05335945088443e-06,4.60590700943537,0.00987172040110953,"Impg2",3.27575500946404e-06,"10","1",3.59941322566272,0.719558307952274
"Nit2","OK",0,103.278489330098,0.224187731008222,"Nit2",0,"10","1",3.13332326174975,0.323028633422245
"Jam2","OK",3.50635842360863e-53,15.3056230843993,0.0331528245091364,"Jam2",8.16037820852903e-53,"10","1",3.50825817347766,-0.375153472595821
"AC135964.2","OK",0.00176224673165622,2.91785398726893,0.00627024215410265,"AC135964.2",0.00259219608996528,"10","1",3.53428442240954,0.497512647933354
"AC135964.1","OK",0.010760653151022,2.29871186556198,0.00491502022855222,"AC135964.1",0.0153410390987263,"10","1",3.53894049884082,0.250479528731693
"Mrap","OK",0,60.6699345722021,0.131672219133322,"Mrap",0,"10","1",3.72479040385486,0.597089001960148
"Atp5o.1","OK",1.46831552152165e-49,14.753143137696,0.0319740653291512,"Atp5o.1",3.35655657709626e-49,"10","1",3.66731555224658,-0.595198562317501
"Setd4","OK",1.67259559928759e-107,21.9932034710167,0.0476748277144548,"Setd4",4.70605625557909e-107,"10","1",3.28700310946704,-0.407980849915157
"Pigp","OK",0,67.769594416848,0.147085208140441,"Pigp",0,"10","1",3.04946858645678,-0.984398296051632
"Tiam2","OK",1.468164497146e-09,5.93511874615216,0.0128059902947112,"Tiam2",2.47352221987556e-09,"10","1",2.87500245333911,-0.436593940430294
"Rnaset2b","OK",0,57.8083804437718,0.12545543062032,"Rnaset2b",0,"10","1",2.7695143914342,-0.907102277451168
"Rnaset2a","OK",0,45.975368572187,0.0997620644687472,"Rnaset2a",0,"10","1",2.78589017153979,-1.04916064994873
"Acat2","OK",0,83.9989432755792,0.182319375893846,"Acat2",0,"10","1",4.15834195376635,-0.00680749671996672
"Sod2","OK",0,175.332465533229,0.380637580741464,"Sod2",0,"10","1",3.09151274920703,-0.790333678894649
"Smoc2","OK",2.0119175046485e-220,31.6699961916068,0.0686884278178217,"Smoc2",7.31402418119311e-220,"10","1",3.48875934840442,0.762450644797672
"Ccnf","OK",0.00161922042281611,2.94414896619961,0.00631402657716839,"Ccnf",0.00238708048285658,"10","1",3.35885674716235,0.748957822150578
"Msrb1","OK",0,81.017273822064,0.17585259606476,"Msrb1",0,"10","1",2.94661838771106,0.519420335120548
"Tekt4","OK",0.000160436742107678,3.59783790382561,0.00770140556615337,"Tekt4",0.000244201072744208,"10","1",3.89628894091845,0.478927919692387
"Decr2","OK",0,64.4471298310289,0.139868844976563,"Decr2",0,"10","1",3.14810902835132,0.742016265220036
"Glo1","OK",0,86.5788530787681,0.187927934652911,"Glo1",0,"10","1",2.90921838046313,0.488879391974796
"Tff3","OK",0,39.1013251237521,0.0848411742527213,"Tff3",0,"10","1",3.80426175357104,0.156470844573368
"Psmb9","OK",0,53.5396386534615,0.116183309909402,"Psmb9",0,"10","1",3.0180233216405,-0.462960651093136
"Psmb8","OK",0,115.880037226647,0.2515475245344,"Psmb8",0,"10","1",2.92162711383105,-0.430305888825069
"Apom","OK",0,129.712110536604,0.281436964050098,"Apom",0,"10","1",3.27313978434802,-0.193122079544674
"H2-Q1","OK",4.17738348141594e-61,16.4502319529039,0.0356254480405564,"H2-Q1",1.00392169205986e-60,"10","1",4.05044824839831,0.183193514174809
"H2-Q10","OK",0,139.452268494156,0.302648507033321,"H2-Q10",0,"10","1",3.04658825160266,0.309362718886723
"AY036118","OK",6.01887872711372e-49,14.6576441848101,0.0317671366155415,"AY036118",1.37222554285915e-48,"10","1",3.38352567912341,0.16423518402039
"Cenpq","OK",0.00765491396916364,2.42496582388115,0.00519958265452035,"Cenpq",0.0109786827732586,"10","1",3.10118682147265,-0.00723593490661223
"Runx2os2","OK",1.21688177443309e-05,4.22085601825548,0.0090884356350389,"Runx2os2",1.90891476552398e-05,"10","1",3.40489585162402,-0.539831807785641
"Sult1c2","OK",1.73411999777876e-31,11.6147443998555,0.0251392212530141,"Sult1c2",3.59809353093622e-31,"10","1",3.23365051509143,0.557524869269718
"Myl12b","OK",0,90.4554055768004,0.196342707312071,"Myl12b",0,"10","1",3.06789786578418,-0.951664855652462
"Atl2","OK",7.65586966391535e-250,33.7393633706822,0.0731834976859961,"Atl2",2.93717803856222e-249,"10","1",2.91855747462512,-0.292959382706295
"Haao","OK",0,142.318022886016,0.308953528627262,"Haao",0,"10","1",3.44420130015613,0.785962412185063
"Abcg5","OK",0,83.4475160574541,0.18111432500986,"Abcg5",0,"10","1",3.50911981822253,0.449770519561161
"Abcg8","OK",0,70.7084308689448,0.153443330775625,"Abcg8",0,"10","1",3.19870526553393,0.262070009536137
"1110020A21Rik","OK",8.27103541727739e-16,7.96485269903287,0.0172120375667409,"1110020A21Rik",1.5053697077912e-15,"10","1",3.21349746943713,0.624122450179447
"Slc3a1","OK",0,53.2834495372849,0.115610030159786,"Slc3a1",0,"10","1",3.77153665782214,0.715733954734196
"Gm6741","OK",3.01674179531201e-32,11.7632922780251,0.0254612559090175,"Gm6741",6.27723173948477e-32,"10","1",3.10736138583423,-0.25938599365295
"Gm1976","OK",0.031537759318828,1.85865878715709,0.00386857981472175,"Gm1976",0.0439520769479219,"10","1",3.65714533091784,0.0357740615075723
"Abhd3","OK",0,56.0827783159475,0.121696123846002,"Abhd3",0,"10","1",3.09570104838611,0.330715963668217
"Dsg1c","OK",0.00866216318580598,2.37975129051555,0.00508251496199295,"Dsg1c",0.012398909527894,"10","1",3.78572256327868,0.264654466933598
"Ttr","OK",0,268.602745035273,0.583100557876525,"Ttr",0,"10","1",3.57509262324573,0.287689039534916
"Gypc","OK",4.68243263197756e-42,13.5377216464922,0.0293151172370997,"Gypc",1.03206149625708e-41,"10","1",3.30578953982593,0.752488205260624
"Stard4","OK",0,83.1671140269486,0.180505620314756,"Stard4",0,"10","1",2.83960253955127,0.350797722167362
"Slc23a1","OK",0,77.3112700585746,0.167784076632532,"Slc23a1",0,"10","1",3.24083692790271,0.36812169296204
"Spata24","OK",9.22057833938432e-08,5.21440159365193,0.011252609705021,"Spata24",1.51184773951233e-07,"10","1",2.74839932681323,-1.00511281745971
"Kcnn2","OK",4.7196442613377e-81,19.0310224584422,0.0412305809017742,"Kcnn2",1.22616325901115e-80,"10","1",3.34900576831103,0.783990928954472
"Tnfaip8","OK",0.00369623670664339,2.67862681018597,0.00574159370417441,"Tnfaip8",0.00536949517025945,"10","1",3.41882855654956,-0.755651643448482
"Pstpip2","OK",2.2379084321818e-49,14.7246802425991,0.0318967549273388,"Pstpip2",5.11050237053976e-49,"10","1",3.67004496814013,0.0670262072747843
"Hsbp1l1","OK",5.76842138662091e-11,6.44530466388007,0.013928208090113,"Hsbp1l1",9.91025012974461e-11,"10","1",3.14289600611926,0.414690325087895
"Cyb5a","OK",0,75.4363258972794,0.163589160398042,"Cyb5a",0,"10","1",3.2122109627843,-0.0131878163153036
"Acy3","OK",0,111.135078909891,0.24124312341478,"Acy3",0,"10","1",3.5120521283269,-0.482755115204464
"Tm7sf2","OK",0,132.258647835674,0.287109874193697,"Tm7sf2",0,"10","1",3.9420054650426,-0.0618433262640341
"Rasgrp2","OK",1.43446039859634e-180,28.6297023531155,0.0621043295496539,"Rasgrp2",4.832945621744e-180,"10","1",3.54978067637683,-0.36920683639587
"Slc22a27","OK",0,40.0864863492839,0.0869500236249914,"Slc22a27",0,"10","1",3.91034347773791,0.199300596541752
"Fads2","OK",0,161.688062511534,0.351011293710394,"Fads2",0,"10","1",3.32798249484302,0.306848118132939
"Fads1","OK",0,119.763987444278,0.259977705882711,"Fads1",0,"10","1",2.95855123759509,0.314308950728764
"Glyat","OK",0,111.326289557848,0.241661937520092,"Glyat",0,"10","1",3.33468014956714,0.448916623420109
"Ifit1","OK",9.57985810941412e-13,7.04046657965311,0.0152076132094079,"Ifit1",1.68050561889585e-12,"10","1",3.18380815745593,0.11858613235413
"Pank1","OK",0,97.9250909130557,0.212552534184746,"Pank1",0,"10","1",3.5534888005376,0.61232335311829
"Cyp2c70","OK",0,133.758905298624,0.290344763150999,"Cyp2c70",0,"10","1",3.19631821871997,0.625454971618046
"Hoga1","OK",0,115.473794003538,0.250664218977464,"Hoga1",0,"10","1",3.0448480343938,-0.00224488037170012
"Scd2","OK",0,129.535572824717,0.281185367305864,"Scd2",0,"10","1",4.12001402140857,0.152656862563481
"Scd1","OK",0,124.913424109679,0.271159734419895,"Scd1",0,"10","1",3.83245498896838,0.0495706294244425
"Cyp17a1","OK",0,38.6107732217767,0.083753526784911,"Cyp17a1",0,"10","1",3.72853667498828,0.799303481406559
"Rbm20","OK",2.32501865601099e-05,4.07255420773806,0.00873329539930769,"Rbm20",3.62534454727347e-05,"10","1",3.60743791819812,0.349057981795658
"Pdcd4","OK",0,60.7601274496526,0.131858652653132,"Pdcd4",0,"10","1",3.49929625750781,0.584113070792545
"Acsl5","OK",0,229.769002818437,0.498833030186956,"Acsl5",0,"10","1",2.98620040179492,0.403825828856816
